{
    "Title": "Network Fitness Statistics",
    "xlim start": 0,
    "xlim end": 1,
    "ylim start": -241.45123766191233,
    "ylim end": 23.48126577171297,
    "Labels": [
        "Generation",
        "Fitness"
    ],
    "Lines": [
        {
            "Label": "Peak Fitness",
            "DataX": [
                0,
                1
            ],
            "DataY": [
                23.48126577171297,
                20.748905152825273
            ],
            "kwargs": {}
        },
        {
            "Label": "Mean Fitness",
            "DataX": [
                0,
                1
            ],
            "DataY": [
                -233.626068709052,
                -241.45123766191233
            ],
            "kwargs": {}
        },
        {
            "Label": "Median Fitness",
            "DataX": [
                0,
                1
            ],
            "DataY": [
                -165.10396865560682,
                -159.0204254257365
            ],
            "kwargs": {}
        }
    ]
}