{
    "Title": "Network Fitness Statistics",
    "xlim start": 0,
    "xlim end": 47,
    "ylim start": -244.64703305118346,
    "ylim end": 243.86304641373573,
    "Labels": [
        "Generation",
        "Fitness"
    ],
    "Lines": [
        {
            "Label": "Peak Fitness",
            "DataX": [
                0,
                1,
                2,
                3,
                4,
                5,
                6,
                7,
                8,
                9,
                10,
                11,
                12,
                13,
                14,
                15,
                16,
                17,
                18,
                19,
                20,
                21,
                22,
                23,
                24,
                25,
                26,
                27,
                28,
                29,
                30,
                31,
                32,
                33,
                34,
                35,
                36,
                37,
                38,
                39,
                40,
                41,
                42,
                43,
                44,
                45,
                46,
                47
            ],
            "DataY": [
                11.62819313213933,
                20.222803434431256,
                38.41876754409844,
                62.220905083476,
                10.923418672117634,
                41.713255244330185,
                35.45387332481067,
                25.729141106212026,
                35.086600605770116,
                24.77979392339752,
                25.921033983405763,
                15.354447760687151,
                24.525969783878594,
                2.706505945063981,
                30.721131239808187,
                -3.6737454664907574,
                32.89936664685598,
                -4.413439229915497,
                21.570522846953992,
                20.715831977376297,
                -5.35149887136437,
                14.76548338848184,
                25.451113398334172,
                176.69613593657027,
                -7.6856938669942,
                -26.118716655484334,
                91.19384131185382,
                176.7996398678564,
                -17.021169594057454,
                58.284466414793,
                -8.687068870881319,
                242.53698241489263,
                27.708069190807265,
                215.52327952375435,
                34.05530301907365,
                121.75659048241215,
                52.89851967162,
                85.26749928076359,
                243.86304641373573,
                226.4787213640967,
                63.004387411016495,
                19.742917237179768,
                94.25475363895241,
                123.76072986873524,
                133.79005475741116,
                97.8711239157584,
                145.36193171783162,
                127.66985342904455
            ],
            "kwargs": {}
        },
        {
            "Label": "Mean Fitness",
            "DataX": [
                0,
                1,
                2,
                3,
                4,
                5,
                6,
                7,
                8,
                9,
                10,
                11,
                12,
                13,
                14,
                15,
                16,
                17,
                18,
                19,
                20,
                21,
                22,
                23,
                24,
                25,
                26,
                27,
                28,
                29,
                30,
                31,
                32,
                33,
                34,
                35,
                36,
                37,
                38,
                39,
                40,
                41,
                42,
                43,
                44,
                45,
                46,
                47
            ],
            "DataY": [
                -226.73628292224475,
                -228.11872154256332,
                -198.78601288571926,
                -194.22141202084353,
                -189.56079263863356,
                -175.05374204328461,
                -160.90727352834153,
                -162.1090170593159,
                -145.24739652976652,
                -160.88925502032876,
                -176.08342858012395,
                -160.4833893397639,
                -162.94012955818388,
                -168.60292683013253,
                -157.69592703387528,
                -152.2613200469882,
                -160.07130788438175,
                -230.4607854643959,
                -150.14966419524424,
                -140.27121377460213,
                -140.35192991450677,
                -142.26152500896643,
                -134.33335998450673,
                -207.2066347831561,
                -136.53026557900068,
                -134.49206412862506,
                -132.05674756432475,
                -166.59890122197172,
                -132.27655920595234,
                -127.96230092444385,
                -244.64703305118346,
                -110.46226036720145,
                -114.5592467157111,
                -113.14244583070209,
                -179.3369485064406,
                -100.07890213355716,
                -105.29897732008,
                -108.27645073718796,
                -137.8030447916986,
                -94.32122337561177,
                -123.18525505035298,
                -93.57510971581367,
                -95.37384823545837,
                -97.8011555123505,
                -96.33892433949394,
                -106.99099522939844,
                -102.22961181340972,
                -162.80115322055906
            ],
            "kwargs": {}
        },
        {
            "Label": "Median Fitness",
            "DataX": [
                0,
                1,
                2,
                3,
                4,
                5,
                6,
                7,
                8,
                9,
                10,
                11,
                12,
                13,
                14,
                15,
                16,
                17,
                18,
                19,
                20,
                21,
                22,
                23,
                24,
                25,
                26,
                27,
                28,
                29,
                30,
                31,
                32,
                33,
                34,
                35,
                36,
                37,
                38,
                39,
                40,
                41,
                42,
                43,
                44,
                45,
                46,
                47
            ],